admin_fname,admin_lname,admin_username,admin_password,admin_email
Jhered,Republica,jrepublica,Jhered123!,jheredmiguelrepublica14@gmail.com
Carl,Erosa,cerosa,CarlErosa69@,carlmelvinerosa3@gmail.com
Kris,Basco,kbasco,KrisPogi123!,krisrainiell.basco@gmail.com
Christian,Toreres,ctoreres,Chr!st1anT0r,torereschristian@gmail.com
Sandrine,Mabaquiao,smabaquiao,S@ndrine2023,mabaquiaosandy@gmail.com
Patricia,Tulagan,ptulagan,P@t_Tul4gan!,tulaganpatricia1@gmail.com
