Full Name,Email Address,Username,Password
Adele Pennington,adele.pennington@gmail.com,apennington,Pnnngtn@19451
Lisa Smith,lisa.smith@gmail.com,lsmith1,Sm!th2784#
Mary Grimes,mary.grimes@gmail.com,mgrimes1,Gr1mes@2106
Mary Yoder,mary.yoder@gmail.com,myoder,Y0der#4398
Mary Smith,mary.smith1@gmail.com,msmith1,Sm1th@8993
Patience Woodward,patience.woodward@gmail.com,pwoodward,W00dw@rd19428
Summer Hester,summer.hester@gmail.com,shester,Hest3r#19381
Denise Young,denise.young@gmail.com,dyoung,Y0ung@19377
Rhonda Bruce,rhonda.bruce@gmail.com,rbruce,Bruc3!19369
Joan Hickman,joan.hickman@gmail.com,jhickman,H1ckm@n19366
Mary Mccoy,mary.mccoy@gmail.com,mmccoy,McC0y#4280
Mary Barnett,mary.barnett@gmail.com,mbarnett,B@rnett1759
Mary Henry,mary.henry@gmail.com,mhenry,Henry@8800
Ann Smith,ann.smith@gmail.com,asmith,Sm1th!10291
Mary Clark,mary.clark@gmail.com,mclark,Cl@rk11372
Diana Smith,diana.smith@gmail.com,dsmith,Sm1th@10708
George Smith,george.smith@gmail.com,gsmith,Sm1th#7006
Mary Roth,mary.roth@gmail.com,mroth,R0th@9813
Mary Branch,mary.branch@gmail.com,mbranch,Br@nch9345
Eric Lang,eric.lang@gmail.com,elang,L@ng4627!
Hyacinth Burris,hyacinth.burris@gmail.com,hburris,Burr1s@19317
Debra Burgess,debra.burgess@gmail.com,dburgess,Burg3ss#19310
Jane Leblanc,jane.leblanc@gmail.com,jleblanc,Lebl@nc16772
Pascale Trevino,pascale.trevino@gmail.com,ptrevino,Trev1n0@16723
Sacha Johnston,sacha.johnston@gmail.com,sjohnston,J0hnst0n#16716
Patrick Parsons,patrick.parsons@gmail.com,pparsons,P@rs0ns9989
Joan Buckley,joan.buckley@gmail.com,jbuckley,Buckl3y@10165
Jesse Mack,jesse.mack@gmail.com,jmack,M@ck4187!
Mary Smith,mary.smith2@gmail.com,msmith2,Sm1th@6075
Mary Fitzpatrick,mary.fitzpatrick@gmail.com,mfitzpatrick,F1tzp@trick1191
Jack Smith,jack.smith@gmail.com,jsmith,Sm1th#9426
Mary Smith,mary.smith3@gmail.com,msmith3,Sm1th@5360
Daniel Suarez,daniel.suarez@gmail.com,dsuarez,Su@rez10079
Thomas Smith,thomas.smith@gmail.com,tsmith,Sm1th@11212
Evelyn Smith,evelyn.smith@gmail.com,esmith,Sm1th#3932
Susan Smith,susan.smith@gmail.com,ssmith,Sm1th@7326
Joseph Graves,joseph.graves@gmail.com,jgraves,Gr@ves3122
Roanna Leonard,roanna.leonard@gmail.com,rleonard,Le0n@rd18322
Ramona Noel,ramona.noel@gmail.com,rnoel,N0el#18519
Mary Dunn,mary.dunn@gmail.com,mdunn,Dunn@10800
Rosalyn Morton,rosalyn.morton@gmail.com,rmorton,M0rt0n#15374
Maria Mcfarland,maria.mcfarland@gmail.com,mmcfarland,McF@rl@nd8996
Carolyn Adams,carolyn.adams@gmail.com,cadams,Ad@ms5614
Nathan Price,nathan.price@gmail.com,nprice,Pr1ce@2153
Teresa Grimes,teresa.grimes@gmail.com,tgrimes,Gr1mes#2511
Mary Lloyd,mary.lloyd@gmail.com,mlloyd,Ll0yd@6872
Mary Olsen,mary.olsen@gmail.com,molsen,0lsen#12381
Carolyn Woods,carolyn.woods@gmail.com,cwoods,W00ds@2228
Willie Smith,willie.smith@gmail.com,wsmith,Sm1th#8281
Mary Brewer,mary.brewer@gmail.com,mbrewer,Brew3r@3262
Moana Rose,moana.rose@gmail.com,mrose,R0se#16644
David Smith,david.smith@gmail.com,dsmith1,Sm1th@321
Nicole Smith,nicole.smith@gmail.com,nsmith,Sm1th#2938
Mary Smith,mary.smith4@gmail.com,msmith4,Sm1th@2097
Mary Smith,mary.smith5@gmail.com,msmith5,Sm1th#6486
Mary Faulkner,mary.faulkner@gmail.com,mfaulkner,F@ulkner5142
Sharon Smith,sharon.smith@gmail.com,ssmith1,Sm1th#2307
Jessica Smith,jessica.smith@gmail.com,jsmith1,Sm1th@4623
Charles Smith,charles.smith@gmail.com,csmith,Sm1th#4580
Mary Meyer,mary.meyer@gmail.com,mmeyer,Mey3r@11075
Gary Tanner,gary.tanner@gmail.com,gtanner,T@nner11223
Mary Smith,mary.smith6@gmail.com,msmith6,Sm1th@2653
Lani Glover,lani.glover@gmail.com,lglover,Gl0ver#15220
Gregory Carroll,gregory.carroll@gmail.com,gcarroll,C@rr0ll10484
Sarah Smith,sarah.smith@gmail.com,ssmith2,Sm1th#2484
Jessica Mercado,jessica.mercado@gmail.com,jmercado,Merc@d017136
Kameko Duffy,kameko.duffy@gmail.com,kduffy,Duffy#15192
Jennifer Smith,jennifer.smith@gmail.com,jsmith2,Sm1th@1611
Raymond Wu,raymond.wu@gmail.com,rwu,Wu@5359R@ymond
Mary Watson,mary.watson@gmail.com,mwatson,W@ts0n3685
Timothy Smith,timothy.smith@gmail.com,tsmith1,Sm1th#705
Michael Schultz,michael.schultz@gmail.com,mschultz,Schultz@11505
Judith Smith,judith.smith@gmail.com,jsmith3,Sm1th#10062
Elizabeth Lopez,elizabeth.lopez@gmail.com,elopez,L0pez@2302
Lauren Smith,lauren.smith@gmail.com,lsmith2,Sm1th#7448
Robert Kramer,robert.kramer@gmail.com,rkramer,Kr@mer6892
Brenda Smith,brenda.smith@gmail.com,bsmith,Sm1th@6880
Mary Smith,mary.smith7@gmail.com,msmith7,Sm1th#9928
Judith Hicks,judith.hicks@gmail.com,jhicks,H1cks@12189
Catherine Washington,catherine.washington@gmail.com,cwashington,W@shing7383!
Mary Wyatt,mary.wyatt@gmail.com,mwyatt,Wy@tt11656
Susan Smith,susan.smith@gmail.com,ssmith3,Sm1th#2515
Mary Pittman,mary.pittman@gmail.com,mpittman,P1ttm@n11221
Mary Smith,mary.smith8@gmail.com,msmith8,Sm1th@6356
Heather Henry,heather.henry@gmail.com,hhenry,H3nry@11775
Elizabeth Douglas,elizabeth.douglas@gmail.com,edouglas,D0ugl@s7989
Mary Smith,mary.smith9@gmail.com,msmith9,Sm1th#6296
Mary Bryan,mary.bryan@gmail.com,mbryan,Bry@n9104
Stephanie Vasquez,stephanie.vasquez@gmail.com,svasquez,V@squez10762
Zachary Rice,zachary.rice@gmail.com,zrice,R1ce@8918
David Reed,david.reed@gmail.com,dreed,Re3d#4336
Diane Smith,diane.smith@gmail.com,dsmith2,Sm1th@3026
Mary Anderson,mary.anderson@gmail.com,manderson,@nders0n1148
Mary Smith,mary.smith10@gmail.com,msmith10,Sm1th@5046
Brandon Adkins,brandon.adkins@gmail.com,badkins,@dk1ns2508
Lara Hayden,lara.hayden@gmail.com,lhayden,H@yden13464
Margaret Booth,margaret.booth@gmail.com,mbooth,B00th@1708
Mary Smith,mary.smith11@gmail.com,msmith11,Sm1th@10748
Ruth Smith,ruth.smith@gmail.com,rsmith,Sm1th#4339
Michelle Cross,michelle.cross@gmail.com,mcross,Cr0ss@4139
Jeremy Smith,jeremy.smith@gmail.com,jsmith4,Sm1th@3541
Virginia Sanders,virginia.sanders@gmail.com,vsanders,S@nders1028
Karen Smith,karen.smith@gmail.com,ksmith,Sm1th#7187
Mary Anderson,mary.anderson@gmail.com,manderson1,@nders0n2562
Donald Sampson,donald.sampson@gmail.com,dsampson,S@mps0n12302
Bryan Smith,bryan.smith@gmail.com,bsmith1,Sm1th@3189
Mary Luna,mary.luna@gmail.com,mluna,Lun@7249
Sharon Mendoza,sharon.mendoza@gmail.com,smendoza,Mend0z@7656
Christian Turner,christian.turner@gmail.com,cturner,Turn3r@6623
Bryan Simon,bryan.simon@gmail.com,bsimon,S1m0n#2756
Mary Clay,mary.clay@gmail.com,mclay,Cl@y6241
Ronald Clark,ronald.clark@gmail.com,rclark,Cl@rk9141
Lauren Phillips,lauren.phillips@gmail.com,lphillips,Ph1ll1ps@5476
Mary Gay,mary.gay@gmail.com,mgay,G@y8076!
Nicholas Parker,nicholas.parker@gmail.com,nparker,P@rker3831
Aaron Smith,aaron.smith@gmail.com,asmith1,Sm1th@3308
Michael Harmon,michael.harmon@gmail.com,mharmon,H@rm0n11362
Edward Pugh,edward.pugh@gmail.com,epugh,Pugh@1416
George Conner,george.conner@gmail.com,gconner,C0nner#4057
Mary Smith,mary.smith12@gmail.com,msmith12,Sm1th@979
Joseph Ewing,joseph.ewing@gmail.com,jewing,Ew1ng@165
Denise Potter,denise.potter@gmail.com,dpotter,P0tter#10160
Mary Brock,mary.brock@gmail.com,mbrock,Br0ck@4745
Mary Smith,mary.smith13@gmail.com,msmith13,Sm1th@4769
Philip Smith,philip.smith@gmail.com,psmith,Sm1th#7763
Mary Cisneros,mary.cisneros@gmail.com,mcisneros,C1sner0s@11606
Mary Smith,mary.smith14@gmail.com,msmith14,Sm1th@2175
Mary Smith,mary.smith15@gmail.com,msmith15,Sm1th#12068
Mary Smith,mary.smith16@gmail.com,msmith16,Sm1th@4652
Mary Baldwin,mary.baldwin@gmail.com,mbaldwin,B@ldw1n451
Lisa Edwards,lisa.edwards@gmail.com,ledwards,Edw@rds8797
Mary Gomez,mary.gomez@gmail.com,mgomez,G0mez@9188
Kimberly King,kimberly.king@gmail.com,kking,K1ng#12389
Matthew Smith,matthew.smith@gmail.com,msmith17,Sm1th@4972
Mary Robbins,mary.robbins@gmail.com,mrobbins,R0bb1ns@93
Carl,carl@gmail.com,Carl,1234
test2,test2@gmail.com,test2,101010
